{"coefficient": [0.27173199472952775, 0.10672293330927923, -0.04757895172521986, -0.17435187015098141], "intercept": 4.677120660482668, "score": 0.5008915419799984}